{"phones": ["a", "aj", "aw", "aː", "b", "bʲ", "c", "cʰ", "cʷ", "d", "dʒ", "dʲ", "d̪", "e", "ej", "eː", "f", "fʲ", "fʷ", "h", "i", "iː", "j", "k", "kp", "kʰ", "kʷ", "l", "m", "mʲ", "m̩", "n", "n̩", "o", "ow", "oː", "p", "pʰ", "pʲ", "pʷ", "s", "t", "tʃ", "tʰ", "tʲ", "tʷ", "t̪", "u", "uː", "v", "vʲ", "vʷ", "w", "z", "æ", "ç", "ð", "ŋ", "ɐ", "ɑ", "ɑː", "ɒ", "ɒː", "ɔ", "ɔj", "ɖ", "ə", "əw", "ɚ", "ɛ", "ɛː", "ɜ", "ɜː", "ɝ", "ɟ", "ɟʷ", "ɡ", "ɡb", "ɡʷ", "ɪ", "ɫ", "ɫ̩", "ɱ", "ɲ", "ɹ", "ɾ", "ɾʲ", "ɾ̃", "ʃ", "ʈ", "ʈʲ", "ʈʷ", "ʉ", "ʉː", "ʊ", "ʋ", "ʎ", "ʒ", "ʔ", "θ"], "phone_groups": {"a": ["a"], "aj": ["aj"], "aw": ["aw"], "aː": ["aː"], "b": ["b"], "bʲ": ["bʲ"], "c": ["c"], "cʰ": ["cʰ"], "cʷ": ["cʷ"], "d": ["d"], "dʒ": ["dʒ"], "dʲ": ["dʲ"], "d̪": ["d̪"], "e": ["e"], "ej": ["ej"], "eː": ["eː"], "f": ["f"], "fʲ": ["fʲ"], "fʷ": ["fʷ"], "h": ["h"], "i": ["i"], "iː": ["iː"], "j": ["j"], "k": ["k"], "kp": ["kp"], "kʰ": ["kʰ"], "kʷ": ["kʷ"], "l": ["l"], "m": ["m"], "mʲ": ["mʲ"], "m̩": ["m̩"], "n": ["n"], "n̩": ["n̩"], "o": ["o"], "ow": ["ow"], "oː": ["oː"], "p": ["p"], "pʰ": ["pʰ"], "pʲ": ["pʲ"], "pʷ": ["pʷ"], "s": ["s"], "t": ["t"], "tʃ": ["tʃ"], "tʰ": ["tʰ"], "tʲ": ["tʲ"], "tʷ": ["tʷ"], "t̪": ["t̪"], "u": ["u"], "uː": ["uː"], "v": ["v"], "vʲ": ["vʲ"], "vʷ": ["vʷ"], "w": ["w"], "z": ["z"], "æ": ["æ"], "ç": ["ç"], "ð": ["ð"], "ŋ": ["ŋ"], "ɐ": ["ɐ"], "ɑ": ["ɑ"], "ɑː": ["ɑː"], "ɒ": ["ɒ"], "ɒː": ["ɒː"], "ɔ": ["ɔ"], "ɔj": ["ɔj"], "ɖ": ["ɖ"], "ə": ["ə"], "əw": ["əw"], "ɚ": ["ɚ"], "ɛ": ["ɛ"], "ɛː": ["ɛː"], "ɜ": ["ɜ"], "ɜː": ["ɜː"], "ɝ": ["ɝ"], "ɟ": ["ɟ"], "ɟʷ": ["ɟʷ"], "ɡ": ["ɡ"], "ɡb": ["ɡb"], "ɡʷ": ["ɡʷ"], "ɪ": ["ɪ"], "ɫ": ["ɫ"], "ɫ̩": ["ɫ̩"], "ɱ": ["ɱ"], "ɲ": ["ɲ"], "ɹ": ["ɹ"], "ɾ": ["ɾ"], "ɾʲ": ["ɾʲ"], "ɾ̃": ["ɾ̃"], "ʃ": ["ʃ"], "ʈ": ["ʈ"], "ʈʲ": ["ʈʲ"], "ʈʷ": ["ʈʷ"], "ʉ": ["ʉ"], "ʉː": ["ʉː"], "ʊ": ["ʊ"], "ʋ": ["ʋ"], "ʎ": ["ʎ"], "ʒ": ["ʒ"], "ʔ": ["ʔ"], "θ": ["θ"]}, "version": "2.2.6.dev1+g6874b58.d20230320", "architecture": "gmm-hmm", "train_date": "2023-05-03 11:56:41.923428", "training": {"audio_duration": 12892560.488224909, "num_speakers": 75060, "num_utterances": 2376459, "num_oovs": 0, "average_log_likelihood": -0.01593873973030349}, "dictionaries": {"names": ["english_india_mfa", "english_mfa", "english_nigeria_mfa", "english_uk_mfa", "english_us_mfa"], "default": "english_mfa", "silence_word": "<eps>", "use_g2p": false, "oov_word": "<unk>", "bracketed_word": "[bracketed]", "laughter_word": "[laughter]", "clitic_marker": "'", "position_dependent_phones": false}, "features": {"type": "mfcc", "use_energy": false, "frame_shift": 10, "frame_length": 25, "snip_edges": false, "low_frequency": 20, "high_frequency": 7800, "sample_frequency": 16000, "allow_downsample": true, "allow_upsample": true, "dither": 1, "energy_floor": 0, "num_coefficients": 13, "num_mel_bins": 23, "cepstral_lifter": 22, "preemphasis_coefficient": 0.97, "uses_cmvn": true, "uses_deltas": true, "uses_voiced": false, "uses_splices": false, "uses_speaker_adaptation": true, "use_pitch": false, "use_voicing": false, "min_f0": 50, "max_f0": 800, "delta_pitch": 0.005, "penalty_factor": 0.1, "silence_weight": 0.0, "splice_left_context": 3, "splice_right_context": 3}, "oov_phone": "spn", "optional_silence_phone": "sil", "phone_set_type": "UNKNOWN", "silence_probability": 0.21, "initial_silence_probability": 0.21, "final_silence_correction": 0.99, "final_non_silence_correction": 0.328}